SABAD1-ring01-column01,SABAD1-board05-connector01
SABAD1-ring02-column01,SABAD1-board05-connector02
SABAD1-ring03-column01,SABAD1-board05-connector03
SABAD1-ring04-column01,SABAD1-board05-connector04
SABAD1-ring01-column07,SABAD1-board05-connector05
SABAD1-ring02-column07,SABAD1-board05-connector06
SABAD1-ring03-column07,SABAD1-board05-connector07
SABAD1-ring04-column07,SABAD1-board05-connector08
SABAD1-ring01-column13,SABAD1-board05-connector09
SABAD1-ring02-column13,SABAD1-board05-connector10
SABAD1-ring03-column13,SABAD1-board05-connector11
SABAD1-ring04-column13,SABAD1-board05-connector12
SABAD1-ring01-column19,SABAD1-board05-connector13
SABAD1-ring02-column19,SABAD1-board05-connector14
SABAD1-ring03-column19,SABAD1-board05-connector15
SABAD1-ring04-column19,SABAD1-board05-connector16
SABAD1-ring05-column01,SABAD1-board06-connector01
SABAD1-ring06-column01,SABAD1-board06-connector02
SABAD1-ring07-column01,SABAD1-board06-connector03
SABAD1-ring08-column01,SABAD1-board06-connector04
SABAD1-ring05-column07,SABAD1-board06-connector05
SABAD1-ring06-column07,SABAD1-board06-connector06
SABAD1-ring07-column07,SABAD1-board06-connector07
SABAD1-ring08-column07,SABAD1-board06-connector08
SABAD1-ring05-column13,SABAD1-board06-connector09
SABAD1-ring06-column13,SABAD1-board06-connector10
SABAD1-ring07-column13,SABAD1-board06-connector11
SABAD1-ring08-column13,SABAD1-board06-connector12
SABAD1-ring05-column19,SABAD1-board06-connector13
SABAD1-ring06-column19,SABAD1-board06-connector14
SABAD1-ring07-column19,SABAD1-board06-connector15
SABAD1-ring08-column19,SABAD1-board06-connector16
SABAD1-ring01-column02,SABAD1-board07-connector01
SABAD1-ring02-column02,SABAD1-board07-connector02
SABAD1-ring03-column02,SABAD1-board07-connector03
SABAD1-ring04-column02,SABAD1-board07-connector04
SABAD1-ring01-column08,SABAD1-board07-connector05
SABAD1-ring02-column08,SABAD1-board07-connector06
SABAD1-ring03-column08,SABAD1-board07-connector07
SABAD1-ring04-column08,SABAD1-board07-connector08
SABAD1-ring01-column14,SABAD1-board07-connector09
SABAD1-ring02-column14,SABAD1-board07-connector10
SABAD1-ring03-column14,SABAD1-board07-connector11
SABAD1-ring04-column14,SABAD1-board07-connector12
SABAD1-ring01-column20,SABAD1-board07-connector13
SABAD1-ring02-column20,SABAD1-board07-connector14
SABAD1-ring03-column20,SABAD1-board07-connector15
SABAD1-ring04-column20,SABAD1-board07-connector16
SABAD1-ring05-column02,SABAD1-board08-connector01
SABAD1-ring06-column02,SABAD1-board08-connector02
SABAD1-ring07-column02,SABAD1-board08-connector03
SABAD1-ring08-column02,SABAD1-board08-connector04
SABAD1-ring05-column08,SABAD1-board08-connector05
SABAD1-ring06-column08,SABAD1-board08-connector06
SABAD1-ring07-column08,SABAD1-board08-connector07
SABAD1-ring08-column08,SABAD1-board08-connector08
SABAD1-ring05-column14,SABAD1-board08-connector09
SABAD1-ring06-column14,SABAD1-board08-connector10
SABAD1-ring07-column14,SABAD1-board08-connector11
SABAD1-ring08-column14,SABAD1-board08-connector12
SABAD1-ring05-column20,SABAD1-board08-connector13
SABAD1-ring06-column20,SABAD1-board08-connector14
SABAD1-ring07-column20,SABAD1-board08-connector15
SABAD1-ring08-column20,SABAD1-board08-connector16
SABAD1-ring01-column03,SABAD1-board09-connector01
SABAD1-ring02-column03,SABAD1-board09-connector02
SABAD1-ring03-column03,SABAD1-board09-connector03
SABAD1-ring04-column03,SABAD1-board09-connector04
SABAD1-ring01-column09,SABAD1-board09-connector05
SABAD1-ring02-column09,SABAD1-board09-connector06
SABAD1-ring03-column09,SABAD1-board09-connector07
SABAD1-ring04-column09,SABAD1-board09-connector08
SABAD1-ring01-column15,SABAD1-board09-connector09
SABAD1-ring02-column15,SABAD1-board09-connector10
SABAD1-ring03-column15,SABAD1-board09-connector11
SABAD1-ring04-column15,SABAD1-board09-connector12
SABAD1-ring01-column21,SABAD1-board09-connector13
SABAD1-ring02-column21,SABAD1-board09-connector14
SABAD1-ring03-column21,SABAD1-board09-connector15
SABAD1-ring04-column21,SABAD1-board09-connector16
SABAD1-ring05-column03,SABAD1-board10-connector01
SABAD1-ring06-column03,SABAD1-board10-connector02
SABAD1-ring07-column03,SABAD1-board10-connector03
SABAD1-ring08-column03,SABAD1-board10-connector04
SABAD1-ring05-column09,SABAD1-board10-connector05
SABAD1-ring06-column09,SABAD1-board10-connector06
SABAD1-ring07-column09,SABAD1-board10-connector07
SABAD1-ring08-column09,SABAD1-board10-connector08
SABAD1-ring05-column15,SABAD1-board10-connector09
SABAD1-ring06-column15,SABAD1-board10-connector10
SABAD1-ring07-column15,SABAD1-board10-connector11
SABAD1-ring08-column15,SABAD1-board10-connector12
SABAD1-ring05-column21,SABAD1-board10-connector13
SABAD1-ring06-column21,SABAD1-board10-connector14
SABAD1-ring07-column21,SABAD1-board10-connector15
SABAD1-ring08-column21,SABAD1-board10-connector16
SABAD1-ring01-column04,SABAD1-board11-connector01
SABAD1-ring02-column04,SABAD1-board11-connector02
SABAD1-ring03-column04,SABAD1-board11-connector03
SABAD1-ring04-column04,SABAD1-board11-connector04
SABAD1-ring01-column10,SABAD1-board11-connector05
SABAD1-ring02-column10,SABAD1-board11-connector06
SABAD1-ring03-column10,SABAD1-board11-connector07
SABAD1-ring04-column10,SABAD1-board11-connector08
SABAD1-ring01-column16,SABAD1-board11-connector09
SABAD1-ring02-column16,SABAD1-board11-connector10
SABAD1-ring03-column16,SABAD1-board11-connector11
SABAD1-ring04-column16,SABAD1-board11-connector12
SABAD1-ring01-column22,SABAD1-board11-connector13
SABAD1-ring02-column22,SABAD1-board11-connector14
SABAD1-ring03-column22,SABAD1-board11-connector15
SABAD1-ring04-column22,SABAD1-board11-connector16
SABAD1-ring05-column04,SABAD1-board12-connector01
SABAD1-ring06-column04,SABAD1-board12-connector02
SABAD1-ring07-column04,SABAD1-board12-connector03
SABAD1-ring08-column04,SABAD1-board12-connector04
SABAD1-ring05-column10,SABAD1-board12-connector05
SABAD1-ring06-column10,SABAD1-board12-connector06
SABAD1-ring07-column10,SABAD1-board12-connector07
SABAD1-ring08-column10,SABAD1-board12-connector08
SABAD1-ring05-column16,SABAD1-board12-connector09
SABAD1-ring06-column16,SABAD1-board12-connector10
SABAD1-ring07-column16,SABAD1-board12-connector11
SABAD1-ring08-column16,SABAD1-board12-connector12
SABAD1-ring05-column22,SABAD1-board12-connector13
SABAD1-ring06-column22,SABAD1-board12-connector14
SABAD1-ring07-column22,SABAD1-board12-connector15
SABAD1-ring08-column22,SABAD1-board12-connector16
SABAD1-ring01-column05,SABAD1-board13-connector01
SABAD1-ring02-column05,SABAD1-board13-connector02
SABAD1-ring03-column05,SABAD1-board13-connector03
SABAD1-ring04-column05,SABAD1-board13-connector04
SABAD1-ring01-column11,SABAD1-board13-connector05
SABAD1-ring02-column11,SABAD1-board13-connector06
SABAD1-ring03-column11,SABAD1-board13-connector07
SABAD1-ring04-column11,SABAD1-board13-connector08
SABAD1-ring01-column17,SABAD1-board13-connector09
SABAD1-ring02-column17,SABAD1-board13-connector10
SABAD1-ring03-column17,SABAD1-board13-connector11
SABAD1-ring04-column17,SABAD1-board13-connector12
SABAD1-ring01-column23,SABAD1-board13-connector13
SABAD1-ring02-column23,SABAD1-board13-connector14
SABAD1-ring03-column23,SABAD1-board13-connector15
SABAD1-ring04-column23,SABAD1-board13-connector16
SABAD1-ring05-column05,SABAD1-board14-connector01
SABAD1-ring06-column05,SABAD1-board14-connector02
SABAD1-ring07-column05,SABAD1-board14-connector03
SABAD1-ring08-column05,SABAD1-board14-connector04
SABAD1-ring05-column11,SABAD1-board14-connector05
SABAD1-ring06-column11,SABAD1-board14-connector06
SABAD1-ring07-column11,SABAD1-board14-connector07
SABAD1-ring08-column11,SABAD1-board14-connector08
SABAD1-ring05-column17,SABAD1-board14-connector09
SABAD1-ring06-column17,SABAD1-board14-connector10
SABAD1-ring07-column17,SABAD1-board14-connector11
SABAD1-ring08-column17,SABAD1-board14-connector12
SABAD1-ring05-column23,SABAD1-board14-connector13
SABAD1-ring06-column23,SABAD1-board14-connector14
SABAD1-ring07-column23,SABAD1-board14-connector15
SABAD1-ring08-column23,SABAD1-board14-connector16
SABAD1-ring01-column06,SABAD1-board15-connector01
SABAD1-ring02-column06,SABAD1-board15-connector02
SABAD1-ring03-column06,SABAD1-board15-connector03
SABAD1-ring04-column06,SABAD1-board15-connector04
SABAD1-ring01-column12,SABAD1-board15-connector05
SABAD1-ring02-column12,SABAD1-board15-connector06
SABAD1-ring03-column12,SABAD1-board15-connector07
SABAD1-ring04-column12,SABAD1-board15-connector08
SABAD1-ring01-column18,SABAD1-board15-connector09
SABAD1-ring02-column18,SABAD1-board15-connector10
SABAD1-ring03-column18,SABAD1-board15-connector11
SABAD1-ring04-column18,SABAD1-board15-connector12
SABAD1-ring01-column24,SABAD1-board15-connector13
SABAD1-ring02-column24,SABAD1-board15-connector14
SABAD1-ring03-column24,SABAD1-board15-connector15
SABAD1-ring04-column24,SABAD1-board15-connector16
SABAD1-ring05-column06,SABAD1-board16-connector01
SABAD1-ring06-column06,SABAD1-board16-connector02
SABAD1-ring07-column06,SABAD1-board16-connector03
SABAD1-ring08-column06,SABAD1-board16-connector04
SABAD1-ring05-column12,SABAD1-board16-connector05
SABAD1-ring06-column12,SABAD1-board16-connector06
SABAD1-ring07-column12,SABAD1-board16-connector07
SABAD1-ring08-column12,SABAD1-board16-connector08
SABAD1-ring05-column18,SABAD1-board16-connector09
SABAD1-ring06-column18,SABAD1-board16-connector10
SABAD1-ring07-column18,SABAD1-board16-connector11
SABAD1-ring08-column18,SABAD1-board16-connector12
SABAD1-ring05-column24,SABAD1-board16-connector13
SABAD1-ring06-column24,SABAD1-board16-connector14
SABAD1-ring07-column24,SABAD1-board16-connector15
SABAD1-ring08-column24,SABAD1-board16-connector16
SABAD1-ring00-column01,SABAD1-board17-connector01
SABAD1-ring00-column02,SABAD1-board17-connector02
SABAD1-ring00-column03,SABAD1-board17-connector03
SABAD1-ring00-column04,SABAD1-board17-connector04
SABAD1-ring00-column05,SABAD1-board17-connector05
SABAD1-ring00-column06,SABAD1-board17-connector06
SABAD1-ring00-column07,SABAD1-board17-connector07
SABAD1-ring00-column08,SABAD1-board17-connector08
SABAD1-ring00-column09,SABAD1-board17-connector09
SABAD1-ring00-column10,SABAD1-board17-connector10
SABAD1-ring00-column11,SABAD1-board17-connector11
SABAD1-ring00-column12,SABAD1-board17-connector12
SABAD1-ring00-column13,SABAD1-board17-connector13
SABAD1-ring00-column14,SABAD1-board17-connector14
SABAD1-ring00-column15,SABAD1-board17-connector15
SABAD1-ring00-column16,SABAD1-board17-connector16
SABAD2-ring01-column01,SABAD2-board05-connector01
SABAD2-ring02-column01,SABAD2-board05-connector02
SABAD2-ring03-column01,SABAD2-board05-connector03
SABAD2-ring04-column01,SABAD2-board05-connector04
SABAD2-ring01-column07,SABAD2-board05-connector05
SABAD2-ring02-column07,SABAD2-board05-connector06
SABAD2-ring03-column07,SABAD2-board05-connector07
SABAD2-ring04-column07,SABAD2-board05-connector08
SABAD2-ring01-column13,SABAD2-board05-connector09
SABAD2-ring02-column13,SABAD2-board05-connector10
SABAD2-ring03-column13,SABAD2-board05-connector11
SABAD2-ring04-column13,SABAD2-board05-connector12
SABAD2-ring01-column19,SABAD2-board05-connector13
SABAD2-ring02-column19,SABAD2-board05-connector14
SABAD2-ring03-column19,SABAD2-board05-connector15
SABAD2-ring04-column19,SABAD2-board05-connector16
SABAD2-ring05-column01,SABAD2-board06-connector01
SABAD2-ring06-column01,SABAD2-board06-connector02
SABAD2-ring07-column01,SABAD2-board06-connector03
SABAD2-ring08-column01,SABAD2-board06-connector04
SABAD2-ring05-column07,SABAD2-board06-connector05
SABAD2-ring06-column07,SABAD2-board06-connector06
SABAD2-ring07-column07,SABAD2-board06-connector07
SABAD2-ring08-column07,SABAD2-board06-connector08
SABAD2-ring05-column13,SABAD2-board06-connector09
SABAD2-ring06-column13,SABAD2-board06-connector10
SABAD2-ring07-column13,SABAD2-board06-connector11
SABAD2-ring08-column13,SABAD2-board06-connector12
SABAD2-ring05-column19,SABAD2-board06-connector13
SABAD2-ring06-column19,SABAD2-board06-connector14
SABAD2-ring07-column19,SABAD2-board06-connector15
SABAD2-ring08-column19,SABAD2-board06-connector16
SABAD2-ring01-column02,SABAD2-board07-connector01
SABAD2-ring02-column02,SABAD2-board07-connector02
SABAD2-ring03-column02,SABAD2-board07-connector03
SABAD2-ring04-column02,SABAD2-board07-connector04
SABAD2-ring01-column08,SABAD2-board07-connector05
SABAD2-ring02-column08,SABAD2-board07-connector06
SABAD2-ring03-column08,SABAD2-board07-connector07
SABAD2-ring04-column08,SABAD2-board07-connector08
SABAD2-ring01-column14,SABAD2-board07-connector09
SABAD2-ring02-column14,SABAD2-board07-connector10
SABAD2-ring03-column14,SABAD2-board07-connector11
SABAD2-ring04-column14,SABAD2-board07-connector12
SABAD2-ring01-column20,SABAD2-board07-connector13
SABAD2-ring02-column20,SABAD2-board07-connector14
SABAD2-ring03-column20,SABAD2-board07-connector15
SABAD2-ring04-column20,SABAD2-board07-connector16
SABAD2-ring05-column02,SABAD2-board08-connector01
SABAD2-ring06-column02,SABAD2-board08-connector02
SABAD2-ring07-column02,SABAD2-board08-connector03
SABAD2-ring08-column02,SABAD2-board08-connector04
SABAD2-ring05-column08,SABAD2-board08-connector05
SABAD2-ring06-column08,SABAD2-board08-connector06
SABAD2-ring07-column08,SABAD2-board08-connector07
SABAD2-ring08-column08,SABAD2-board08-connector08
SABAD2-ring05-column14,SABAD2-board08-connector09
SABAD2-ring06-column14,SABAD2-board08-connector10
SABAD2-ring07-column14,SABAD2-board08-connector11
SABAD2-ring08-column14,SABAD2-board08-connector12
SABAD2-ring05-column20,SABAD2-board08-connector13
SABAD2-ring06-column20,SABAD2-board08-connector14
SABAD2-ring07-column20,SABAD2-board08-connector15
SABAD2-ring08-column20,SABAD2-board08-connector16
SABAD2-ring01-column03,SABAD2-board09-connector01
SABAD2-ring02-column03,SABAD2-board09-connector02
SABAD2-ring03-column03,SABAD2-board09-connector03
SABAD2-ring04-column03,SABAD2-board09-connector04
SABAD2-ring01-column09,SABAD2-board09-connector05
SABAD2-ring02-column09,SABAD2-board09-connector06
SABAD2-ring03-column09,SABAD2-board09-connector07
SABAD2-ring04-column09,SABAD2-board09-connector08
SABAD2-ring01-column15,SABAD2-board09-connector09
SABAD2-ring02-column15,SABAD2-board09-connector10
SABAD2-ring03-column15,SABAD2-board09-connector11
SABAD2-ring04-column15,SABAD2-board09-connector12
SABAD2-ring01-column21,SABAD2-board09-connector13
SABAD2-ring02-column21,SABAD2-board09-connector14
SABAD2-ring03-column21,SABAD2-board09-connector15
SABAD2-ring04-column21,SABAD2-board09-connector16
SABAD2-ring05-column03,SABAD2-board10-connector01
SABAD2-ring06-column03,SABAD2-board10-connector02
SABAD2-ring07-column03,SABAD2-board10-connector03
SABAD2-ring08-column03,SABAD2-board10-connector04
SABAD2-ring05-column09,SABAD2-board10-connector05
SABAD2-ring06-column09,SABAD2-board10-connector06
SABAD2-ring07-column09,SABAD2-board10-connector07
SABAD2-ring08-column09,SABAD2-board10-connector08
SABAD2-ring05-column15,SABAD2-board10-connector09
SABAD2-ring06-column15,SABAD2-board10-connector10
SABAD2-ring07-column15,SABAD2-board10-connector11
SABAD2-ring08-column15,SABAD2-board10-connector12
SABAD2-ring05-column21,SABAD2-board10-connector13
SABAD2-ring06-column21,SABAD2-board10-connector14
SABAD2-ring07-column21,SABAD2-board10-connector15
SABAD2-ring08-column21,SABAD2-board10-connector16
SABAD2-ring01-column04,SABAD2-board11-connector01
SABAD2-ring02-column04,SABAD2-board11-connector02
SABAD2-ring03-column04,SABAD2-board11-connector03
SABAD2-ring04-column04,SABAD2-board11-connector04
SABAD2-ring01-column10,SABAD2-board11-connector05
SABAD2-ring02-column10,SABAD2-board11-connector06
SABAD2-ring03-column10,SABAD2-board11-connector07
SABAD2-ring04-column10,SABAD2-board11-connector08
SABAD2-ring01-column16,SABAD2-board11-connector09
SABAD2-ring02-column16,SABAD2-board11-connector10
SABAD2-ring03-column16,SABAD2-board11-connector11
SABAD2-ring04-column16,SABAD2-board11-connector12
SABAD2-ring01-column22,SABAD2-board11-connector13
SABAD2-ring02-column22,SABAD2-board11-connector14
SABAD2-ring03-column22,SABAD2-board11-connector15
SABAD2-ring04-column22,SABAD2-board11-connector16
SABAD2-ring05-column04,SABAD2-board12-connector01
SABAD2-ring06-column04,SABAD2-board12-connector02
SABAD2-ring07-column04,SABAD2-board12-connector03
SABAD2-ring08-column04,SABAD2-board12-connector04
SABAD2-ring05-column10,SABAD2-board12-connector05
SABAD2-ring06-column10,SABAD2-board12-connector06
SABAD2-ring07-column10,SABAD2-board12-connector07
SABAD2-ring08-column10,SABAD2-board12-connector08
SABAD2-ring05-column16,SABAD2-board12-connector09
SABAD2-ring06-column16,SABAD2-board12-connector10
SABAD2-ring07-column16,SABAD2-board12-connector11
SABAD2-ring08-column16,SABAD2-board12-connector12
SABAD2-ring05-column22,SABAD2-board12-connector13
SABAD2-ring06-column22,SABAD2-board12-connector14
SABAD2-ring07-column22,SABAD2-board12-connector15
SABAD2-ring08-column22,SABAD2-board12-connector16
SABAD2-ring01-column05,SABAD2-board13-connector01
SABAD2-ring02-column05,SABAD2-board13-connector02
SABAD2-ring03-column05,SABAD2-board13-connector03
SABAD2-ring04-column05,SABAD2-board13-connector04
SABAD2-ring01-column11,SABAD2-board13-connector05
SABAD2-ring02-column11,SABAD2-board13-connector06
SABAD2-ring03-column11,SABAD2-board13-connector07
SABAD2-ring04-column11,SABAD2-board13-connector08
SABAD2-ring01-column17,SABAD2-board13-connector09
SABAD2-ring02-column17,SABAD2-board13-connector10
SABAD2-ring03-column17,SABAD2-board13-connector11
SABAD2-ring04-column17,SABAD2-board13-connector12
SABAD2-ring01-column23,SABAD2-board13-connector13
SABAD2-ring02-column23,SABAD2-board13-connector14
SABAD2-ring03-column23,SABAD2-board13-connector15
SABAD2-ring04-column23,SABAD2-board13-connector16
SABAD2-ring05-column05,SABAD2-board14-connector01
SABAD2-ring06-column05,SABAD2-board14-connector02
SABAD2-ring07-column05,SABAD2-board14-connector03
SABAD2-ring08-column05,SABAD2-board14-connector04
SABAD2-ring05-column11,SABAD2-board14-connector05
SABAD2-ring06-column11,SABAD2-board14-connector06
SABAD2-ring07-column11,SABAD2-board14-connector07
SABAD2-ring08-column11,SABAD2-board14-connector08
SABAD2-ring05-column17,SABAD2-board14-connector09
SABAD2-ring06-column17,SABAD2-board14-connector10
SABAD2-ring07-column17,SABAD2-board14-connector11
SABAD2-ring08-column17,SABAD2-board14-connector12
SABAD2-ring05-column23,SABAD2-board14-connector13
SABAD2-ring06-column23,SABAD2-board14-connector14
SABAD2-ring07-column23,SABAD2-board14-connector15
SABAD2-ring08-column23,SABAD2-board14-connector16
SABAD2-ring01-column06,SABAD2-board15-connector01
SABAD2-ring02-column06,SABAD2-board15-connector02
SABAD2-ring03-column06,SABAD2-board15-connector03
SABAD2-ring04-column06,SABAD2-board15-connector04
SABAD2-ring01-column12,SABAD2-board15-connector05
SABAD2-ring02-column12,SABAD2-board15-connector06
SABAD2-ring03-column12,SABAD2-board15-connector07
SABAD2-ring04-column12,SABAD2-board15-connector08
SABAD2-ring01-column18,SABAD2-board15-connector09
SABAD2-ring02-column18,SABAD2-board15-connector10
SABAD2-ring03-column18,SABAD2-board15-connector11
SABAD2-ring04-column18,SABAD2-board15-connector12
SABAD2-ring01-column24,SABAD2-board15-connector13
SABAD2-ring02-column24,SABAD2-board15-connector14
SABAD2-ring03-column24,SABAD2-board15-connector15
SABAD2-ring04-column24,SABAD2-board15-connector16
SABAD2-ring05-column06,SABAD2-board16-connector01
SABAD2-ring06-column06,SABAD2-board16-connector02
SABAD2-ring07-column06,SABAD2-board16-connector03
SABAD2-ring08-column06,SABAD2-board16-connector04
SABAD2-ring05-column12,SABAD2-board16-connector05
SABAD2-ring06-column12,SABAD2-board16-connector06
SABAD2-ring07-column12,SABAD2-board16-connector07
SABAD2-ring08-column12,SABAD2-board16-connector08
SABAD2-ring05-column18,SABAD2-board16-connector09
SABAD2-ring06-column18,SABAD2-board16-connector10
SABAD2-ring07-column18,SABAD2-board16-connector11
SABAD2-ring08-column18,SABAD2-board16-connector12
SABAD2-ring05-column24,SABAD2-board16-connector13
SABAD2-ring06-column24,SABAD2-board16-connector14
SABAD2-ring07-column24,SABAD2-board16-connector15
SABAD2-ring08-column24,SABAD2-board16-connector16
SABAD2-ring00-column01,SABAD2-board17-connector01
SABAD2-ring00-column02,SABAD2-board17-connector02
SABAD2-ring00-column03,SABAD2-board17-connector03
SABAD2-ring00-column04,SABAD2-board17-connector04
SABAD2-ring00-column05,SABAD2-board17-connector05
SABAD2-ring00-column06,SABAD2-board17-connector06
SABAD2-ring00-column07,SABAD2-board17-connector07
SABAD2-ring00-column08,SABAD2-board17-connector08
SABAD2-ring00-column09,SABAD2-board17-connector09
SABAD2-ring00-column10,SABAD2-board17-connector10
SABAD2-ring00-column11,SABAD2-board17-connector11
SABAD2-ring00-column12,SABAD2-board17-connector12
SABAD2-ring00-column13,SABAD2-board17-connector13
SABAD2-ring00-column14,SABAD2-board17-connector14
SABAD2-ring00-column15,SABAD2-board17-connector15
SABAD2-ring00-column16,SABAD2-board17-connector16                                                  